window_size,epoch,train_word_mse,gated_fraction,train_mse,train_phoneme_best_guess,train_stress_best_guess,train_perfect_match_phoneme,train_perfect_match_all,holdout_mse,holdout_phoneme_best_guess,holdout_stress_best_guess,holdout_perfect_match_phoneme,holdout_perfect_match_all
3.0,1.0,0.05813201469765867,0.20787722619261084,0.051969593460676505,0.4862081647664583,0.7905479955866127,0.01875689591761677,0.008642883413019492,,,,,
3.0,2.0,0.021867516194195833,0.20281348918175832,0.03537862993279458,0.682052225082751,0.8269584406031629,0.16200809121000367,0.09691062890768665,,,,,
3.0,3.0,0.015957910318185848,0.16677320371935778,0.02948815916107466,0.7559764619345347,0.8457153365207797,0.1439867598381758,0.1123574843692534,,,,,
3.0,4.0,0.014234350561187332,0.14744329804810583,0.0261986031761809,0.7574475910261126,0.8295329165134241,0.28392791467451267,0.21423317396101507,,,,,
3.0,5.0,0.01323169677059295,0.1345590304994152,0.024726531076501832,0.7657226921662376,0.8536226553880103,0.2991908789996322,0.23777123942625966,,,,,
3.0,6.0,0.012502338039382544,0.12562937585918374,0.02410002741930817,0.7907318867230599,0.8565649135711658,0.348473703567488,0.28429569694740714,,,,,
3.0,7.0,0.011798831332272929,0.11885081649120147,0.022679286212631596,0.7916513424052961,0.871460095623391,0.3571165869805075,0.2944097094520044,,,,,
3.0,8.0,0.011578657592794268,0.1143035351400739,0.021817501663182956,0.8065465244575212,0.8720117690327326,0.3543582199337992,0.30397204854726,,,,,
3.0,9.0,0.01110365740171913,0.11037031504819979,0.020678735506540893,0.8284295696947407,0.8786318499448327,0.419271791099669,0.3238322912835601,,,,,
3.0,10.0,0.010800800931689867,0.10563333717564528,0.020361664383781872,0.8230967267377712,0.8753218094887827,0.43931592497241634,0.3475542478852519,,,,,
3.0,11.0,0.010410820612241072,0.1033927110282881,0.02109461670797266,0.8098565649135712,0.878080176535491,0.36336888561971314,0.30121368150055167,,,,,
3.0,12.0,0.010229168556963172,0.10144192794385129,0.019519379978001593,0.8201544685546157,0.8830452372195661,0.45218830452372194,0.36208164766458256,,,,,
3.0,13.0,0.01006839194169427,0.09905550080261646,0.0189205503178075,0.8350496506068408,0.8817579992644354,0.44262596542846633,0.3613460831187937,,,,,
3.0,14.0,0.009807543388057147,0.09528238663046404,0.01892020582392299,0.8390952556086797,0.8727473335785215,0.4891504229496138,0.4025376976829717,,,,,
3.0,15.0,0.009693732050631586,0.09554809303943933,0.018704048987993244,0.8398308201544685,0.8872747333578521,0.4485104817947775,0.3683339463037882,,,,,
3.0,16.0,0.009567761255426228,0.09356434324222813,0.01843334726620448,0.8240161824200074,0.8938948142699522,0.4494299374770136,0.37624126517101875,,,,,
3.0,17.0,0.009358477597927028,0.09147060386195033,0.0193552261851127,0.8337624126517101,0.8823096726737771,0.4227657226921662,0.340198602427363,,,,,
3.0,18.0,0.009228865097588905,0.08959566896778458,0.018327477219471134,0.826222876057374,0.8832291283560132,0.43637366678926076,0.3536226553880103,,,,,
3.0,19.0,0.009188587375697032,0.08725282623359572,0.01750386281483538,0.8528870908422214,0.8990437660904744,0.4733357852151526,0.4144906215520412,,,,,
3.0,20.0,0.008956998775080013,0.08740410262814123,0.018280550309434346,0.841853622655388,0.890400882677455,0.45439499816108864,0.37844795880838544,,,,,
3.0,21.0,0.008934258285806865,0.08649606824799169,0.017200003569052682,0.8471864656123574,0.8854358219933799,0.5007355645457889,0.44060316292754687,,,,,
3.0,22.0,0.008876396163761194,0.08596271420886815,0.016593451964129185,0.859139389481427,0.8983082015446855,0.5077234277307834,0.4214784847370357,,,,,
3.0,23.0,0.008745359188983257,0.08421849678099705,0.017452471862828306,0.852519308569327,0.8837808017653549,0.4992644354542111,0.3968370724531078,,,,,
3.0,24.0,0.008619528933893799,0.08236742797800509,0.01732048682472882,0.8409341669731519,0.9032732622287606,0.458808385435822,0.39279146745126886,,,,,
3.0,25.0,0.008635722641035244,0.08224160465602792,0.016218958530801932,0.8534387642515631,0.8984920926811327,0.5331004045605002,0.4470393527031997,,,,,
3.0,26.0,0.008544375865187857,0.08202737497545207,0.016485966273323754,0.8543582199337992,0.8938948142699522,0.5119529238690695,0.40603162927546893,,,,,
3.0,27.0,0.008494899558043176,0.08047275843814332,0.015850635800255357,0.8652077969841854,0.9027215888194189,0.5340198602427363,0.44538433247517467,,,,,
3.0,28.0,0.008338872189912973,0.07956459704825117,0.015935904504714153,0.8593232806178742,0.9019860242736301,0.5158146377344612,0.42993747701360796,,,,,
3.0,29.0,0.008321502094279412,0.07946355546163265,0.015726067418280767,0.860794409709452,0.897020963589555,0.5235380654652446,0.44244207429201915,,,,,
3.0,30.0,0.00824317492261331,0.0787363270276734,0.015786791585694914,0.864104450165502,0.89536594336153,0.5559029054799559,0.4733357852151526,,,,,
3.0,31.0,0.008218244077679562,0.07824787167960263,0.015784754630379892,0.8620816476645826,0.9006987863184994,0.5603162927546892,0.48253034203751377,,,,,
3.0,32.0,0.008130266576991783,0.0775141453631841,0.015739448673672038,0.8618977565281354,0.8918720117690327,0.532916513424053,0.42552408973887457,,,,,
3.0,33.0,0.008114231227566255,0.07655277276142694,0.015726219467755063,0.8683339463037881,0.9021699154100772,0.5375137918352335,0.44832659065833025,,,,,
3.0,34.0,0.008005993263839072,0.07689989519028011,0.015318638406153658,0.8668628172122104,0.9012504597278411,0.5579257079808754,0.4714968738506804,,,,,
3.0,35.0,0.007982474006358344,0.07461904068154084,0.01559182806950345,0.874770136079441,0.8892975358587716,0.5693269584406032,0.46873850680397205,,,,,
3.0,36.0,0.007958946061785023,0.07558941026921816,0.014927966114900139,0.8716439867598382,0.9005148951820522,0.5549834497977197,0.4714968738506804,,,,,
3.0,37.0,0.007911604954228362,0.07419072465995574,0.014853618553819854,0.874034571533652,0.9063994115483633,0.5593968370724531,0.4599117322545053,,,,,
3.0,38.0,0.00780879103459592,0.07380584639719283,0.015757667544580203,0.8745862449429938,0.8935270319970577,0.5446855461566752,0.46708348657594706,,,,,
3.0,39.0,0.007816069052827265,0.07406688311688343,0.015368638330734867,0.8734828981243105,0.8962853990437661,0.5410077234277307,0.4597278411180581,,,,,
3.0,40.0,0.007713389457655176,0.07250043236677872,0.014825455839846095,0.8729312247149688,0.9040088267745494,0.561787421846267,0.4779330636263332,,,,,
3.0,41.0,0.007721610578415456,0.07299276204564689,0.015025351665186272,0.8718278778962854,0.9051121735932328,0.5307098197866863,0.4264435454211107,,,,,
3.0,42.0,0.007662144405816507,0.07262377761127783,0.014787451223490974,0.8786318499448327,0.9034571533652078,0.5833026848105921,0.4900698786318499,,,,,
3.0,43.0,0.007686426324728436,0.0722339101069873,0.014472378691286517,0.878080176535491,0.9038249356381023,0.5987495402721589,0.5084589922765723,,,,,
3.0,44.0,0.007615665437782619,0.07128356237779349,0.014937170652878884,0.8670467083486576,0.907686649503494,0.50331004045605,0.4303052592865024,,,,,
3.0,45.0,0.0075142683549891745,0.07021318969492074,0.015042354755662063,0.8721956601691798,0.8992276572269217,0.5638102243471864,0.457153365207797,,,,,
3.0,46.0,0.007552979613569283,0.06970718992545934,0.014239570908806714,0.8802868701728577,0.90529606472968,0.6140125045972784,0.5159985288709085,,,,,
3.0,47.0,0.007487829611884254,0.06927061154657324,0.014466924901092247,0.878080176535491,0.9014343508642884,0.5639941154836337,0.4889665318131666,,,,,
3.0,48.0,0.007476234058204179,0.06941227586516077,0.015190754122248195,0.8712762044869438,0.8964692901802133,0.5656491357116586,0.4330636263332107,,,,,
3.0,49.0,0.007440102501523748,0.06977919591092686,0.014385670312880433,0.8760573740345715,0.90860610518573,0.5788892975358588,0.501655020228025,,,,,
3.0,50.0,0.007506652005318573,0.06822889941255345,0.014278517808930836,0.8734828981243105,0.90860610518573,0.5128723795513056,0.43710923133504964,,,,,
3.0,51.0,0.0074306279401434,0.06956425358829224,0.014323005022442097,0.875689591761677,0.9117322545053328,0.5485472600220669,0.4520044133872747,,,,,
3.0,52.0,0.007329785776413621,0.06782411947027353,0.014816116858670379,0.8720117690327326,0.9087899963221773,0.5805443177638838,0.5023905847738139,,,,,
3.0,53.0,0.007392247884898626,0.06840528787451884,0.01439160072305901,0.8775285031261493,0.9032732622287606,0.5636263332107393,0.47351967635159986,,,,,
3.0,54.0,0.00735210796897502,0.06784817308759644,0.01408878583538256,0.8795513056270687,0.907686649503494,0.554431776388378,0.4580728208900331,,,,,
3.0,55.0,0.007339146587187032,0.06679638758677249,0.014482335652195352,0.874770136079441,0.9030893710923134,0.5579257079808754,0.47480691430673044,0.03702199715184008,0.746214579663217,0.7516778523489933,0.45559129585119357,0.3429451747034784
5.0,1.0,0.04072522262133903,0.24061456737706707,0.03802582890367015,0.6403089371092313,0.8554615667524825,0.07796984185362266,0.06031629275468922,,,,,
5.0,2.0,0.016359679263215382,0.1744201377682146,0.02651227596767019,0.7591026112541376,0.8615299742552409,0.18021331371827878,0.13975726369988967,,,,,
5.0,3.0,0.012793329725234719,0.1370812881562883,0.022898262411840207,0.7995586612725266,0.8804707613093049,0.3194189040088268,0.24733357852151527,,,,,
5.0,4.0,0.011079155041111727,0.1199233698993315,0.01931554043040315,0.824567855829349,0.8975726369988967,0.35159985288709084,0.27252666421478483,,,,,
5.0,5.0,0.00999503817856311,0.10581409498621061,0.017727662507462813,0.8490253769768297,0.9034571533652078,0.3613460831187937,0.2909157778595072,,,,,
5.0,6.0,0.00892844387270306,0.0947823331582949,0.01602202528993192,0.8709084222140493,0.9089738874586245,0.43802868701728576,0.35950717175432145,,,,,
5.0,7.0,0.008218445729582698,0.08567146069742262,0.014642033680611719,0.8751379183523355,0.920926811327694,0.4680029422581832,0.39223979404192716,,,,,
5.0,8.0,0.00779126244107567,0.08188645745280397,0.013920795295827834,0.8782640676719382,0.9271791099668996,0.4904376609047444,0.42037513791835235,,,,,
5.0,9.0,0.007178699080694728,0.07456401408420668,0.013675075772966335,0.8795513056270687,0.9290180213313718,0.4948510481794777,0.42111070246414123,,,,,
5.0,10.0,0.006849553736538834,0.07176191778307188,0.011635310901288571,0.9005148951820522,0.9354542111070246,0.518940787054064,0.44887826406767195,,,,,
5.0,11.0,0.00633946532822669,0.06673829386425557,0.011349368485749169,0.9032732622287606,0.9339830820154469,0.5483633688856198,0.48069143067304154,,,,,
5.0,12.0,0.00601208443831366,0.063636034051419,0.011516832610710572,0.8966531813166605,0.9337991908789997,0.5228025009194557,0.4619345347554248,,,,,
5.0,13.0,0.005778765294570074,0.061083583403775975,0.010312051034424546,0.917616770871644,0.9440970945200441,0.5457888929753586,0.48050753953659436,,,,,
5.0,14.0,0.005432516551489654,0.059023181412604694,0.010135623076324006,0.9091577785950717,0.9406031629275469,0.5777859507171754,0.5167340934166973,,,,,
5.0,15.0,0.005175086933191682,0.05545064967084225,0.00937940177398125,0.9251563074659801,0.9442809856564913,0.5801765354909894,0.5228025009194557,,,,,
5.0,16.0,0.004937726300157013,0.05418470087604725,0.008725867088247997,0.9269952188304523,0.9525560867966164,0.5954394998161089,0.5406399411548364,,,,,
5.0,17.0,0.004690248877048999,0.05111569168011496,0.008624092391883824,0.9334314086061052,0.9479588083854358,0.5847738139021699,0.5268481059212946,,,,,
5.0,18.0,0.004540020574935889,0.05038257084795567,0.008036488600081186,0.9365575579257079,0.9586244942993748,0.6230231702831923,0.5579257079808754,,,,,
5.0,19.0,0.004292282100071707,0.04775980643288357,0.008820346860719318,0.9372931224714969,0.9566016917984553,0.5882677454946672,0.5285031261493196,,,,,
5.0,20.0,0.004111745620874038,0.04564261166184261,0.007753661859346112,0.9402353806546524,0.9595439499816109,0.6108863552776757,0.5555351232070614,,,,,
5.0,21.0,0.003915298488452626,0.04403927909697161,0.0071085287864938555,0.9407870540639941,0.9531077602059581,0.6325855093784479,0.5669363736667893,,,,,
5.0,22.0,0.0038057345453209423,0.04269819859627578,0.007320647806790163,0.941522618609783,0.9626700993012137,0.6364472232438396,0.5763148216255977,,,,,
5.0,23.0,0.0036649593754691104,0.041264856831203234,0.006614746618841396,0.946487679293858,0.9602795145273998,0.6371827877896286,0.5779698418536227,,,,,
5.0,24.0,0.0034684861189864333,0.03929422895480614,0.006495173026677405,0.9474071349760942,0.9630378815741081,0.6537329900698786,0.5972784111805811,,,,,
5.0,25.0,0.003410636732212023,0.03832867687867713,0.006377700612872565,0.945568223611622,0.9617506436189776,0.6625597646193453,0.5937844795880839,,,,,
5.0,26.0,0.003305935449173658,0.03754994823552544,0.00615100278583759,0.9499816108863552,0.963773446119897,0.6778227289444648,0.6108863552776757,,,,,
5.0,27.0,0.0031628846763768086,0.03601514553822263,0.006049757489076018,0.944832659065833,0.9643251195292387,0.6783744023538065,0.6222876057374035,,,,,
5.0,28.0,0.0031063578051028578,0.03541036847767646,0.00574707089132484,0.9503493931592497,0.9652445752114748,0.6669731518940787,0.6151158514159617,,,,,
5.0,29.0,0.003003253213847227,0.03380986993775475,0.005829942363208416,0.950533284295697,0.9656123574843692,0.6632953291651342,0.6037146009562339,,,,,
5.0,30.0,0.0029899360044707566,0.03396781466396876,0.005426811175624302,0.9538433247517469,0.9657962486208165,0.6951084957705038,0.6344244207429202,,,,,
5.0,31.0,0.002841764576454488,0.032343854009238816,0.005271373963410697,0.9558661272526664,0.9685546156675249,0.7000735564545789,0.6449062155204119,,,,,
5.0,32.0,0.0028177763211058257,0.03175878064243472,0.0053720184673772845,0.9542111070246414,0.9685546156675249,0.6949246046340566,0.637550570062523,,,,,
5.0,33.0,0.0027225276161478144,0.031152380525457664,0.005392154258478643,0.9532916513424053,0.9689223979404192,0.7105553512320706,0.6592497241632953,,,,,
5.0,34.0,0.002752501871166171,0.031140635006019823,0.005123749164181836,0.9586244942993748,0.9692901802133137,0.7147848473703567,0.6616403089371092,,,,,
5.0,35.0,0.002627357602955899,0.029430509874740825,0.005059868870249384,0.9597278411180581,0.9674512688488415,0.6881206325855094,0.628539904376609,,,,,
5.0,36.0,0.0025972057523077374,0.029515115226653836,0.004907269427073645,0.9584406031629276,0.9685546156675249,0.7103714600956234,0.6574108127988231,,,,,
5.0,37.0,0.0025371262090880314,0.028560214998676732,0.0050298477775354315,0.9558661272526664,0.9707613093048915,0.7320706141963957,0.6741449062155204,,,,,
5.0,38.0,0.0025086217039042087,0.028453741344126114,0.004626916332249146,0.9602795145273998,0.9692901802133137,0.7237955130562707,0.6763515998528871,,,,,
5.0,39.0,0.0024934356500781675,0.027997490116721067,0.004464763331341839,0.960463405663847,0.9691062890768665,0.7477013607944097,0.69933799190879,,,,,
5.0,40.0,0.0023971029184278857,0.026731329034213835,0.004921577442708876,0.958808385435822,0.9698418536226554,0.7258183155571901,0.6651342405296065,,,,,
5.0,41.0,0.0023263668887247126,0.025784884559884716,0.0046107539633209816,0.9599117322545053,0.9713129827142332,0.7283927914674513,0.6739610150790731,,,,,
5.0,42.0,0.0023180551590990597,0.025981706541322067,0.004635244830623174,0.9613828613460831,0.9692901802133137,0.7237955130562707,0.6735932328061788,,,,,
5.0,43.0,0.0022701071960359825,0.024866954946762825,0.004231182717815142,0.9630378815741081,0.9709452004413387,0.761125413755057,0.7066936373666789,,,,,
5.0,44.0,0.0022427544156561684,0.024225843814305512,0.004244356833148583,0.9617506436189776,0.9713129827142332,0.7732622287605737,0.7241632953291651,,,,,
5.0,45.0,0.0021794151738553274,0.02320803331284112,0.004179372463273976,0.9626700993012137,0.9716807649871276,0.7655388010297903,0.7180948878264067,,,,,
5.0,46.0,0.0021658127164760708,0.023304182569567303,0.004212250193391956,0.9617506436189776,0.9696579624862082,0.7703199705774182,0.7081647664582568,,,,,
5.0,47.0,0.0021334069057856835,0.02319128019416494,0.004178537979341767,0.962853990437661,0.9707613093048915,0.7736300110334682,0.7283927914674513,,,,,
5.0,48.0,0.002071224212620394,0.022818118206579883,0.0045062742033927464,0.9611989702096359,0.9692901802133137,0.7460463405663847,0.6894078705406399,,,,,
5.0,49.0,0.002119549122482342,0.022077905321174672,0.0040779360634441856,0.9617506436189776,0.9722324383964693,0.7681132769400515,0.718278778962854,,,,,
5.0,50.0,0.0020772532630434328,0.021753308016769647,0.003922550124144027,0.9646929018021332,0.9727841118058109,0.7811695476278043,0.7311511585141596,,,,,
5.0,51.0,0.00205088869178411,0.021569944905521925,0.004007514122008468,0.9624862081647665,0.9724163295329166,0.7793306362633321,0.7291283560132401,,,,,
5.0,52.0,0.0020050396579356193,0.021000306531075857,0.004151465548560166,0.9626700993012137,0.9716807649871276,0.7751011401250459,0.721588819418904,,,,,
5.0,53.0,0.002048004993120108,0.021116636782021463,0.003923218856295917,0.9643251195292387,0.9722324383964693,0.7716072085325487,0.7283927914674513,,,,,
5.0,54.0,0.002032800374394306,0.02109337307991165,0.003863476317110275,0.9639573372563442,0.9729680029422582,0.7846634792203016,0.7416329532916514,,,,,
5.0,55.0,0.0019791324992386467,0.01992419492900271,0.003859022281580261,0.9646929018021332,0.9720485472600221,0.8012136815005517,0.7475174696579625,0.035103910026528976,0.7746293033970715,0.7783237880592544,0.518504518254891,0.4199730402470597
7.0,1.0,0.03392806534572512,0.2529936032984109,0.03357656006089031,0.7077969841853623,0.8784479588083854,0.14178006620080913,0.08716439867598381,,,,,
7.0,2.0,0.015632437775581688,0.1682364086767934,0.02536637877923655,0.7728944464876792,0.8942625965428467,0.24751746965796248,0.1971312982714233,,,,,
7.0,3.0,0.012473608678296675,0.1306735408821948,0.021632461634282146,0.8096726737771239,0.8988598749540272,0.29955866127252667,0.2453107760205958,,,,,
7.0,4.0,0.010505431979601493,0.1109032013926246,0.018753271749114064,0.8317396101507908,0.9198234645090106,0.365759470393527,0.3151894078705406,,,,,
7.0,5.0,0.009370300100687026,0.09771170688286088,0.01552815640047387,0.8606105185730047,0.9268113276940051,0.4512688488414858,0.38892975358587717,,,,,
7.0,6.0,0.008355049216922459,0.08847070077358563,0.014423224180766143,0.8885619713129828,0.9273630011033468,0.41504229496138284,0.3449797719749908,,,,,
7.0,7.0,0.007649231391739063,0.08083021433694534,0.012824649406723206,0.8935270319970577,0.9376609047443913,0.47296800294225816,0.41099668995954397,,,,,
7.0,8.0,0.006917622507269365,0.07456959344074737,0.011480195255495144,0.9018021331371828,0.9358219933799191,0.48473703567488047,0.4183523354174329,,,,,
7.0,9.0,0.006262123063839632,0.06830654505750686,0.011024568169676565,0.9080544317763883,0.9477749172489885,0.5272158881941891,0.4597278411180581,,,,,
7.0,10.0,0.005813592757837384,0.06364736332044045,0.010147636289827223,0.917616770871644,0.947223243839647,0.4974255240897389,0.43453475542478853,,,,,
7.0,11.0,0.005422057370052885,0.06031915413646202,0.009051824987486969,0.9246046340566385,0.947223243839647,0.5689591761677087,0.5095623390952556,,,,,
7.0,12.0,0.004923177078458021,0.055011800058915615,0.008740324665011847,0.9321441706509747,0.9494299374770137,0.5685913938948143,0.49154100772342774,,,,,
7.0,13.0,0.004617669141566525,0.05373137642272285,0.007642285456332488,0.9365575579257079,0.9586244942993748,0.586428834130195,0.5216991541007724,,,,,
7.0,14.0,0.004259878735573419,0.04825776029526049,0.007168883838880224,0.941522618609783,0.9600956233909526,0.6035307098197867,0.542846634792203,,,,,
7.0,15.0,0.004016146428738104,0.04627805207612927,0.006955406299485957,0.9391320338359691,0.9665318131666054,0.6423317396101508,0.5783376241265171,,,,,
7.0,16.0,0.0037721532537744276,0.04448429615256556,0.006591197525077469,0.9452004413387275,0.9617506436189776,0.6009562339095256,0.5441338727473336,,,,,
7.0,17.0,0.003592188429596815,0.041930409334255715,0.006065734077131313,0.9516366311143802,0.963773446119897,0.6397572636998896,0.5803604266274366,,,,,
7.0,18.0,0.003362007027254988,0.0401686994629305,0.005868593247266691,0.9566016917984553,0.9691062890768665,0.6575947039352703,0.5980139757263699,,,,,
7.0,19.0,0.003150393075648715,0.03839233053271541,0.005744475754953165,0.9542111070246414,0.9676351599852887,0.6430673041559397,0.5924972416329533,,,,,
7.0,20.0,0.0029664379099442646,0.03634473261780976,0.005223701389110681,0.9577050386171386,0.9702096358955499,0.6700993012136816,0.6158514159617506,,,,,
7.0,21.0,0.0028454642491232444,0.034706405240059295,0.0050336662445552224,0.958808385435822,0.9727841118058109,0.6989702096358955,0.6443545421110702,,,,,
7.0,22.0,0.002698654451151849,0.033296681523604814,0.0045187165871580694,0.966164030893711,0.9714968738506804,0.6914306730415594,0.6197131298271423,,,,,
7.0,23.0,0.002522579001861353,0.03177813361851846,0.004317752105335939,0.9678190511217359,0.9748069143067304,0.6840750275836704,0.6289076866495035,,,,,
7.0,24.0,0.002416192000700819,0.03067787917211015,0.004123371543296578,0.9689223979404192,0.9740713497609416,0.7151526296432512,0.6666053696211842,,,,,
7.0,25.0,0.0023381387161762164,0.030044202592279717,0.003988806267214985,0.9676351599852887,0.9755424788525193,0.7160720853254873,0.6734093416697315,,,,,
7.0,26.0,0.002237120403994437,0.02810364229787324,0.004058445443566457,0.9707613093048915,0.976094152261861,0.7271055535123208,0.6781905112173593,,,,,
7.0,27.0,0.002112167955213225,0.027320245673130465,0.0037774599339104706,0.9713129827142332,0.9768297168076499,0.7364840014711291,0.6721221037146009,,,,,
7.0,28.0,0.0020233851878370267,0.026111009930240837,0.003587240949425298,0.9707613093048915,0.977749172489886,0.743839646929018,0.7015446855461567,,,,,
7.0,29.0,0.001980581962589379,0.02527850504196676,0.003698675252428265,0.9689223979404192,0.9773813902169916,0.7195660169179846,0.6658698050753954,,,,,
7.0,30.0,0.00187045254493082,0.02429949409564811,0.0034709493003506945,0.9714968738506804,0.9783008458992276,0.7600220669363736,0.7072453107760206,,,,,
7.0,31.0,0.0017953333033958563,0.022884363499748265,0.003150133948645591,0.9753585877160721,0.9784847370356748,0.7703199705774182,0.7291283560132401,,,,,
7.0,32.0,0.0017628046658768142,0.02222770989694078,0.0030397407326582283,0.9744391320338359,0.9775652813534388,0.7808017653549099,0.738874586244943,,,,,
7.0,33.0,0.0016684228419268155,0.022098489971567006,0.003165393088837848,0.9742552408973888,0.9737035674880471,0.7808017653549099,0.733909525560868,,,,,
7.0,34.0,0.0016389550327365302,0.020958750651058473,0.003018309283130178,0.9740713497609416,0.9797719749908055,0.7938580360426627,0.7464141228392791,,,,,
7.0,35.0,0.001603718386114362,0.020207817823202547,0.0028793005659879336,0.9740713497609416,0.979404192717911,0.8036042662743655,0.7576314821625597,,,,,
7.0,36.0,0.0015493914955203908,0.01954576171691566,0.002828141890736301,0.9749908054431776,0.9790364104450165,0.80066200809121,0.7554247885251931,,,,,
7.0,37.0,0.001503163520993827,0.018164503338541863,0.0027366620348704424,0.976094152261861,0.9819786686281721,0.8063626333210739,0.751195292386907,,,,,
7.0,38.0,0.0014668706044332401,0.01881202739568133,0.0026661404270427883,0.9755424788525193,0.9814269952188305,0.8155571901434351,0.7738139021699154,,,,,
7.0,39.0,0.001407643559406708,0.017320149401880224,0.0027301998532878228,0.9766458256712026,0.9816108863552777,0.8129827142331739,0.7752850312614932,,,,,
7.0,40.0,0.0013848205251780219,0.016939646678108263,0.0027094222878982963,0.9751746965796249,0.981059212945936,0.8122471496873851,0.7745494667157043,,,,,
7.0,41.0,0.0013563874056738115,0.017021393243508685,0.00277321512276218,0.9768297168076499,0.9805075395365943,0.7977197499080544,0.7568959176167709,,,,,
7.0,42.0,0.0013498858815553965,0.016764208654593316,0.0026819428755063606,0.9751746965796249,0.9812431040823832,0.816292754689224,0.7695844060316293,,,,,
7.0,43.0,0.0013207863138034659,0.01625244306975081,0.0025724320712498037,0.9759102611254138,0.981794777491725,0.8188672305994851,0.7824567855829349,,,,,
7.0,44.0,0.0013031540620171312,0.016269054236361963,0.002478317165216836,0.9762780433983081,0.9823464509010665,0.8326590658330268,0.7876057374034572,,,,,
7.0,45.0,0.0012755267951727327,0.015453302893687546,0.0024469661149890505,0.9764619345347554,0.9821625597646193,0.8484737035674881,0.80397204854726,,,,,
7.0,46.0,0.00126627918177258,0.015775314322429748,0.00242272237460896,0.9775652813534388,0.9825303420375138,0.8367046708348658,0.7986392055902906,,,,,
7.0,47.0,0.0012532363470778517,0.015135941622480116,0.002452308686281134,0.9768297168076499,0.9828981243104082,0.8361529974255241,0.8010297903641045,,,,,
7.0,48.0,0.0012284611413568946,0.014091736788852206,0.0023789180055862865,0.9766458256712026,0.9823464509010665,0.8455314453843324,0.8105921294593601,,,,,
7.0,49.0,0.001186698357036023,0.01319241890588047,0.0024436865662990806,0.9768297168076499,0.9832659065833027,0.8497609415226186,0.789996322177271,,,,,
7.0,50.0,0.0011897501718440581,0.014032888158849734,0.0024826089750296454,0.9770136079440971,0.9801397572636998,0.8346818683339463,0.7853990437660905,,,,,
7.0,51.0,0.0011941612892015915,0.013516951851567278,0.002308145187921638,0.9773813902169916,0.9830820154468555,0.8622655388010297,0.8225450533284295,,,,,
7.0,52.0,0.0011733058231548604,0.013224902127786766,0.0023100783427008323,0.9773813902169916,0.9823464509010665,0.841853622655388,0.8028687017285767,,,,,
7.0,53.0,0.0011613388589477099,0.013047907327715042,0.0022829589574807517,0.977749172489886,0.9830820154468555,0.856748804707613,0.8122471496873851,,,,,
7.0,54.0,0.001159470122271274,0.01297654364865906,0.002513044520032619,0.9764619345347554,0.982714233173961,0.8227289444648768,0.7769400514895182,,,,,
7.0,55.0,0.0011577125790905014,0.01253362630958787,0.0022886471072399305,0.9771974990805443,0.9812431040823832,0.8609783008458992,0.8219933799190879,0.03531840236468937,0.768659643817444,0.7907694941123609,0.4994258571133094,0.4069210963632862
9.0,1.0,0.029374666121483123,0.2799729115969498,0.03327117963883828,0.6759838175799926,0.8648400147112909,0.10812798823096727,0.08606105185730048,,,,,
9.0,2.0,0.015212829636512083,0.16721335918355165,0.02398990808605663,0.7907318867230599,0.8841485840382494,0.18683339463037882,0.14987127620448695,,,,,
9.0,3.0,0.012141372382506377,0.131852840535533,0.020988416611814165,0.8148216255976461,0.8990437660904744,0.312982714233174,0.23795513056270687,,,,,
9.0,4.0,0.010081225522755512,0.11154005214870616,0.01746522650639719,0.8617138653916881,0.9139389481426995,0.3955498344979772,0.321257815373299,,,,,
9.0,5.0,0.008965384964694288,0.09932137872810982,0.015330729561272478,0.8727473335785215,0.9139389481426995,0.35159985288709084,0.2927546892239794,,,,,
9.0,6.0,0.007964929925856746,0.08705989395220197,0.013308657203069979,0.8902169915410078,0.9336152997425524,0.4834497977197499,0.37146009562339094,,,,,
9.0,7.0,0.006930917768390656,0.07881483537829714,0.01238231684285662,0.8865391688120633,0.9378447958808386,0.48124310408238324,0.3994115483633689,,,,,
9.0,8.0,0.006726224585270453,0.07405124416182149,0.010669537681645786,0.9150422949613829,0.9404192717910996,0.5301581463773446,0.45660169179845533,,,,,
9.0,9.0,0.005886568339391151,0.06650329158021485,0.009961898400009633,0.9100772342773078,0.9569694740713498,0.5176535490989335,0.4573372563442442,,,,,
9.0,10.0,0.0052143916403875525,0.0611045107670109,0.009257268678846492,0.9277307833762413,0.9595439499816109,0.5621552041191614,0.4880470761309305,,,,,
9.0,11.0,0.004987766776253578,0.058161071300494624,0.007981605040991978,0.934902537697683,0.9573372563442442,0.6050018389113645,0.5316292754689224,,,,,
9.0,12.0,0.004598382268112595,0.05388784281957383,0.00746657075862758,0.9422581831555719,0.9551305627068776,0.6083118793674145,0.5445016550202281,,,,,
9.0,13.0,0.004159694609448395,0.05001040177770975,0.006812337553002716,0.9422581831555719,0.9646929018021332,0.620264803236484,0.5570062522986392,,,,,
9.0,14.0,0.003956894731960466,0.047595320598205475,0.007111838775702435,0.9372931224714969,0.962853990437661,0.6296432511952924,0.5777859507171754,,,,,
9.0,15.0,0.003711316526430338,0.04488378117608913,0.005904380471488029,0.9468554615667525,0.9692901802133137,0.6428834130194925,0.5827510114012504,,,,,
9.0,16.0,0.0033740383864180345,0.04168518703518727,0.005756268488358658,0.9477749172489885,0.9735196763515999,0.6529974255240898,0.5991173225450533,,,,,
9.0,17.0,0.00317758613896527,0.03904717056447847,0.005108325405353706,0.9577050386171386,0.9740713497609416,0.6706509746230231,0.6037146009562339,,,,,
9.0,18.0,0.0030208368385358435,0.037266171008478934,0.005067384346344724,0.9582567120264803,0.9755424788525193,0.6987863184994483,0.6381022434718646,,,,,
9.0,19.0,0.00279026293799028,0.0355993439253057,0.004537303444311222,0.9610150790731887,0.9753585877160721,0.7123942625965428,0.6436189775652813,,,,,
9.0,20.0,0.002632503814299776,0.033777593026631685,0.004451348454994914,0.9643251195292387,0.9779330636263333,0.7079808753218095,0.6502390584773814,,,,,
9.0,21.0,0.0025363740530304963,0.03248991948222739,0.004440340058481472,0.9639573372563442,0.9783008458992276,0.7120264803236483,0.6542846634792203,,,,,
9.0,22.0,0.002438223287902997,0.0314238375940301,0.004554615396930639,0.960463405663847,0.9738874586244943,0.7085325487311511,0.6563074659801398,,,,,
9.0,23.0,0.0023253012579481872,0.029966002800618376,0.0036306329787522476,0.9672673777123942,0.9805075395365943,0.7447591026112541,0.6892239794041927,,,,,
9.0,24.0,0.0021347088174107458,0.027875839758532278,0.0037387368377823876,0.9657962486208165,0.9801397572636998,0.7320706141963957,0.6826038984920927,,,,,
9.0,25.0,0.0020483400795308013,0.027928464804426453,0.003577387564360559,0.9694740713497609,0.9812431040823832,0.7473335785215153,0.7004413387274734,,,,,
9.0,26.0,0.0019338398405115748,0.026542456475148933,0.0032100646615836857,0.9703935270319971,0.9812431040823832,0.7754689223979404,0.71588819418904,,,,,
9.0,27.0,0.0018472772873946493,0.02475542224869164,0.0032274672467661625,0.9689223979404192,0.9797719749908055,0.7624126517101876,0.7096358955498345,,,,,
9.0,28.0,0.0017403004755076742,0.023886404194096652,0.002962985662094627,0.9722324383964693,0.9823464509010665,0.7842956969474071,0.7302317028319235,,,,,
9.0,29.0,0.0017042412190550562,0.023072753955446414,0.003100312769831032,0.9698418536226554,0.9828981243104082,0.7567120264803237,0.7101875689591761,,,,,
9.0,30.0,0.0016547498232510963,0.022476246830093083,0.00284329959806403,0.9722324383964693,0.9838175799926444,0.7942258183155572,0.7412651710187569,,,,,
9.0,31.0,0.0015782296098442057,0.021758179213948542,0.0026593619903288296,0.9751746965796249,0.9841853622655388,0.8045237219566017,0.7557925707980875,,,,,
9.0,32.0,0.0015169940728275335,0.020785640641410013,0.0025909698350036,0.9742552408973888,0.984369253401986,0.8087532180948879,0.7625965428466348,,,,,
9.0,33.0,0.0014365454676878314,0.01974494426513664,0.002600719346761101,0.9753585877160721,0.9847370356748805,0.7960647296800294,0.7480691430673042,,,,,
9.0,34.0,0.001430770275300263,0.019638441579787835,0.0024568502074444796,0.9759102611254138,0.9849209268113277,0.8113276940051489,0.7686649503493932,,,,,
9.0,35.0,0.0013837297630313963,0.018053902934672246,0.002413926206891029,0.9762780433983081,0.9854726002206694,0.8276940051489519,0.7802500919455683,,,,,
9.0,36.0,0.0013523380018310375,0.01822920348881896,0.002427740654960549,0.976094152261861,0.9851048179477749,0.8094887826406767,0.7657226921662376,,,,,
9.0,37.0,0.0012945964792001913,0.01742897743282365,0.0023581640175940324,0.9764619345347554,0.9856564913571166,0.8225450533284295,0.783376241265171,,,,,
9.0,38.0,0.0012538972432410964,0.01660032125993668,0.0022558365505004345,0.9770136079440971,0.9863920559029055,0.8258550937844796,0.7787789628539904,,,,,
9.0,39.0,0.0012260478034956863,0.016056052601244937,0.0021618067119836314,0.9779330636263333,0.9863920559029055,0.8287973519676352,0.7868701728576682,,,,,
9.0,40.0,0.0011784725176091377,0.01616438454707689,0.002125292542072928,0.977749172489886,0.9865759470393527,0.8436925340198602,0.802317028319235,,,,,
9.0,41.0,0.0011773058180328808,0.016066473163588568,0.0021902045794792084,0.9775652813534388,0.9856564913571166,0.8142699521883046,0.7758367046708349,,,,,
9.0,42.0,0.0011579731966894443,0.01588683570702806,0.002089700289194368,0.9786686281721221,0.9871276204486944,0.8400147112909158,0.7955130562706878,,,,,
9.0,43.0,0.0011296412015656778,0.015385270178539438,0.001992208830743963,0.9790364104450165,0.9873115115851416,0.8460831187936741,0.8118793674144906,,,,,
9.0,44.0,0.0010959139882451095,0.015024612353458542,0.0020777050005932793,0.9792203015814638,0.9874954027215889,0.845163663111438,0.7894446487679294,,,,,
9.0,45.0,0.0010747577266313696,0.014555043460812742,0.0019473440061704569,0.9792203015814638,0.9869437293122472,0.8449797719749909,0.8078337624126517,,,,,
9.0,46.0,0.0010226960854636338,0.013893685374454637,0.0018861836701349018,0.9799558661272527,0.987679293858036,0.8617138653916881,0.8210739242368518,,,,,
9.0,47.0,0.0010047644359615154,0.013556360733283854,0.0019137422334220915,0.9797719749908055,0.9878631849944832,0.8550937844795881,0.8197866862817212,,,,,
9.0,48.0,0.0009843481157815865,0.013037069340915513,0.001820958939972246,0.9801397572636998,0.9884148584038249,0.8672305994851048,0.8348657594703935,,,,,
9.0,49.0,0.0009649431262169003,0.01270473917108535,0.0018819496042102126,0.9797719749908055,0.9880470761309305,0.8455314453843324,0.8155571901434351,,,,,
9.0,50.0,0.0009662838839330552,0.012446114462460653,0.001745657032190973,0.9801397572636998,0.9882309672673777,0.8861713865391688,0.8580360426627437,,,,,
9.0,51.0,0.0009409973495895058,0.011705920788613119,0.001812012739211715,0.9806914306730415,0.9884148584038249,0.8596910628907687,0.8289812431040824,,,,,
9.0,52.0,0.0009266415867815081,0.011352634758404007,0.0017614342596027836,0.9803236484001471,0.9882309672673777,0.8823096726737771,0.8501287237955131,,,,,
9.0,53.0,0.000910209549589786,0.011501005404851583,0.0017383511738745627,0.9801397572636998,0.9884148584038249,0.8745862449429938,0.8422214049282825,,,,,
9.0,54.0,0.0009100889976887304,0.011796921988268169,0.0017406299302793367,0.9806914306730415,0.9884148584038249,0.8720117690327326,0.8416697315189408,,,,,
9.0,55.0,0.0008904518460774394,0.010670242577934886,0.0017019805746273406,0.9803236484001471,0.9884148584038249,0.8795513056270687,0.8497609415226186,0.03618306370566251,0.7582965430179233,0.7945566975015869,0.48477629824048385,0.39107332624867164
11.0,1.0,0.030361137996962894,0.29193228352843714,0.03462283375148567,0.6713865391688121,0.8683339463037881,0.17745494667157044,0.11750643618977566,,,,,
11.0,2.0,0.015973747930316282,0.1704331836966454,0.02443403930239777,0.7708716439867599,0.8955498344979772,0.2629643251195292,0.2024641412283928,,,,,
11.0,3.0,0.013014290203133721,0.13456329226329244,0.025944899160569728,0.7456785582934903,0.8889297535858771,0.2714233173961015,0.22287605737403457,,,,,
11.0,4.0,0.011149620136014643,0.11461521224502014,0.01819242904451213,0.8493931592497241,0.9065833026848106,0.34314086061051857,0.2798823096726738,,,,,
11.0,5.0,0.009740633872773418,0.10180627865724039,0.016227740973816303,0.8576682603898492,0.9200073556454579,0.40621552041191616,0.34001471129091576,,,,,
11.0,6.0,0.008957143764587517,0.0926464014617864,0.01690047647392735,0.8762412651710187,0.9303052592865024,0.41890400882677453,0.35325487311511583,,,,,
11.0,7.0,0.007961169200184534,0.08466394236105781,0.013852541423097674,0.8812063258550937,0.9396837072453108,0.4257079808753218,0.3687017285766826,,,,,
11.0,8.0,0.007209383040581958,0.07770626574280447,0.011729122917193148,0.891320338359691,0.948878264067672,0.5147112909157778,0.446487679293858,,,,,
11.0,9.0,0.006508739598990358,0.0719021594858135,0.010150797419093598,0.910996689959544,0.9527399779330636,0.5467083486575947,0.4762780433983082,,,,,
11.0,10.0,0.005850594326226764,0.06466811340369057,0.009652524433041647,0.9205590290547996,0.9514527399779331,0.5647296800294226,0.4897020963589555,,,,,
11.0,11.0,0.005474020822038568,0.061652958152958466,0.009238164050083675,0.9341669731518941,0.9536594336152997,0.571717543214417,0.5090106656859139,,,,,
11.0,12.0,0.005001752099725915,0.05792598565963976,0.007894111938945533,0.9354542111070246,0.9641412283927915,0.5934166973151894,0.534571533652078,,,,,
11.0,13.0,0.004737669604285586,0.0541590073388153,0.007062997257061332,0.945568223611622,0.9689223979404192,0.6114380286870172,0.551857300478117,,,,,
11.0,14.0,0.00431647518234266,0.051378798018221365,0.006995852045400318,0.9358219933799191,0.9692901802133137,0.6044501655020228,0.549466715704303,,,,,
11.0,15.0,0.004058088096019017,0.04705680409334283,0.007299950818247015,0.9461198970209636,0.9689223979404192,0.5954394998161089,0.5391688120632585,,,,,
11.0,16.0,0.0035827760809182835,0.04305249718230516,0.005871934777255165,0.9428098565649136,0.9707613093048915,0.6456417800662008,0.5937844795880839,,,,,
11.0,17.0,0.0033723998763105097,0.0409553226687845,0.0050840167211839175,0.9567855829349026,0.9753585877160721,0.6947407134976095,0.6419639573372563,,,,,
11.0,18.0,0.0031729697752320013,0.03923622061699001,0.004932182834977409,0.9549466715704303,0.9742552408973888,0.6851783744023539,0.6300110334681869,,,,,
11.0,19.0,0.003083369403261147,0.03748871811948754,0.004888525567087174,0.957153365207797,0.9724163295329166,0.6789260757631482,0.6281721221037146,,,,,
11.0,20.0,0.002742487626915437,0.03470759230086174,0.0046528964940969735,0.9615667524825303,0.9801397572636998,0.6855461566752482,0.635895549834498,,,,,
11.0,21.0,0.0026478331167808775,0.03340602346371599,0.0043773084808863254,0.9613828613460831,0.9757263699889666,0.6989702096358955,0.6309304891504229,,,,,
11.0,22.0,0.002417459025633172,0.03084100087946255,0.003921820479165414,0.967083486575947,0.9821625597646193,0.7210371460095624,0.6691798455314454,,,,,
11.0,23.0,0.0023185999069938973,0.029417062531485835,0.003716625163056717,0.9659801397572637,0.9828981243104082,0.735564545788893,0.6886723059948511,,,,,
11.0,24.0,0.0021592795314505308,0.028501117365540604,0.0038711124178404483,0.965428466347922,0.9771974990805443,0.7243471864656124,0.6623758734828982,,,,,
11.0,25.0,0.0020374287266140046,0.026764707941631192,0.00381292029058146,0.964509010665686,0.9845531445384332,0.7407134976094152,0.6923501287237955,,,,,
11.0,26.0,0.0019478513288561942,0.02600968796161121,0.003145217660307487,0.9709452004413387,0.9851048179477749,0.7629643251195293,0.7151526296432512,,,,,
11.0,27.0,0.0018494302600037564,0.0249343061852679,0.0032771626456205203,0.9692901802133137,0.9849209268113277,0.7462302317028319,0.6951084957705038,,,,,
11.0,28.0,0.0018635414154285865,0.024874146152992462,0.0032045988491932282,0.9709452004413387,0.9841853622655388,0.7522986392055903,0.7006252298639205,,,,,
11.0,29.0,0.0017499283450484887,0.02410110850687789,0.002553401473794162,0.9749908054431776,0.9880470761309305,0.8034203751379183,0.7624126517101876,,,,,
11.0,30.0,0.0015674720138423187,0.021462559555828917,0.002612402614826223,0.9762780433983081,0.9884148584038249,0.7892607576314822,0.747885251930857,,,,,
11.0,31.0,0.0014156553054001705,0.02014143997028623,0.002524005720425206,0.9753585877160721,0.9882309672673777,0.7997425524089739,0.7563442442074292,,,,,
11.0,32.0,0.0014270243329581437,0.019312924895617287,0.0023614458444882625,0.9755424788525193,0.9889665318131666,0.8104082383229129,0.7758367046708349,,,,,
11.0,33.0,0.001310983667429886,0.01836536604421227,0.0022814272615854104,0.9771974990805443,0.9889665318131666,0.7999264435454211,0.7598381757999264,,,,,
11.0,34.0,0.0012578928049038522,0.017726358257127553,0.0020689912541644252,0.9779330636263333,0.9898859874954027,0.8379919087899963,0.8013975726369988,,,,,
11.0,35.0,0.0012296323040659352,0.017047807214153415,0.002856178286018627,0.9707613093048915,0.9900698786318499,0.751195292386907,0.71588819418904,,,,,
11.0,36.0,0.001212442568420437,0.01743013503590433,0.0019813927922474367,0.9770136079440971,0.9909893343140861,0.8403824935638102,0.8041559396837072,,,,,
11.0,37.0,0.0011521676857399578,0.016818245109591307,0.002045930740783826,0.9784847370356748,0.9917248988598749,0.8289812431040824,0.7927546892239794,,,,,
11.0,38.0,0.0011208403326968147,0.015618980058403164,0.0022899020278217786,0.9768297168076499,0.9895182052225083,0.8076498712762045,0.7728944464876792,,,,,
11.0,39.0,0.0010637932225690137,0.01482814119641045,0.001949627012239199,0.977749172489886,0.9884148584038249,0.8521515262964325,0.8161088635527768,,,,,
11.0,40.0,0.0010391014745168069,0.01423365843558154,0.002235194924063367,0.9762780433983081,0.9906215520411916,0.814637734461199,0.7721588819418904,,,,,
11.0,41.0,0.001078953609273501,0.014422093611516711,0.0018570256762916752,0.9788525193085693,0.9920926811327694,0.8374402353806547,0.8004781169547628,,,,,
11.0,42.0,0.0009814848349428585,0.013471414589683841,0.0017964406219388852,0.9792203015814638,0.9920926811327694,0.8517837440235381,0.8093048915042295,,,,,
11.0,43.0,0.0009761966650049439,0.013188634015557114,0.00170183515980779,0.9795880838543582,0.9922765722692166,0.8681500551673409,0.8403824935638102,,,,,
11.0,44.0,0.000931018504884676,0.01289074205708824,0.0016583152178495865,0.9797719749908055,0.9924604634056639,0.8788157410812799,0.8517837440235381,,,,,
11.0,45.0,0.0008995409023389098,0.012073449627295793,0.0017425328317435202,0.979404192717911,0.9928282456785583,0.8617138653916881,0.8260389849209269,,,,,
11.0,46.0,0.00091648767018353,0.012379995431918527,0.001586249598810528,0.9806914306730415,0.9928282456785583,0.8828613460831188,0.8539904376609048,,,,,
11.0,47.0,0.0008606114160871822,0.01066986112178421,0.0016077066150242507,0.981059212945936,0.9928282456785583,0.875689591761677,0.8379919087899963,,,,,
11.0,48.0,0.000815474716135436,0.010350890775890782,0.0015473327909958266,0.9806914306730415,0.9933799190878999,0.88874586244943,0.8539904376609048,,,,,
11.0,49.0,0.0008379632841278929,0.010544293633716725,0.0015113315919574573,0.981059212945936,0.9935638102243471,0.8892975358587716,0.858403824935638,,,,,
11.0,50.0,0.0007983109839401271,0.009648083860583878,0.0014795698411654253,0.981794777491725,0.9931960279514528,0.8944464876792939,0.8701728576682604,,,,,
11.0,51.0,0.0007815435311064383,0.009470101159524253,0.001418562348951113,0.9814269952188305,0.9933799190878999,0.9133872747333579,0.889665318131666,,,,,
11.0,52.0,0.000767100373178472,0.008943526772372947,0.0013993565302940069,0.981794777491725,0.9933799190878999,0.9168812063258551,0.8961015079073189,,,,,
11.0,53.0,0.0007646528081671397,0.009121384171384176,0.0013962856613826274,0.9819786686281721,0.9937477013607944,0.9165134240529607,0.8955498344979772,,,,,
11.0,54.0,0.0007414917234123698,0.008135350760350761,0.0014031838683787531,0.9812431040823832,0.9937477013607944,0.9056638470025745,0.8861713865391688,,,,,
11.0,55.0,0.0007228307522169645,0.007661385836385831,0.0013989433492874808,0.9819786686281721,0.9935638102243471,0.9060316292754689,0.8826774549466716,0.03776370227623059,0.7508291193860593,0.79132580647462,0.4593428381915569,0.36718755572038886
